{"top_features": ["EXT_SOURCE_2", "EXT_SOURCE_3", "DAYS_ID_PUBLISH", "AMT_CREDIT", "DAYS_REGISTRATION", "HOUR_APPR_PROCESS_START", "DAYS_BIRTH", "DAYS_LAST_PHONE_CHANGE", "DAYS_EMPLOYED", "AMT_ANNUITY"], "feature_means": {"CNT_CHILDREN": 0.4171571656206302, "AMT_INCOME_TOTAL": 0.2287139777963086, "AMT_CREDIT": 0.1541240644952047, "AMT_ANNUITY": 0.12256457587820906, "AMT_GOODS_PRICE": 0.20122858826653625, "REGION_POPULATION_RELATIVE": 0.10775517766736721, "DAYS_BIRTH": -0.03978407959888001, "DAYS_EMPLOYED": 26.301185643027477, "DAYS_REGISTRATION": -0.08807283481463342, "DAYS_ID_PUBLISH": 0.10239769573724011, "OWN_CAR_AGE": 1.0343496378747266, "FLAG_MOBIL": -4.645609666584594e-06, "FLAG_EMP_PHONE": -0.1800917043348184, "FLAG_WORK_PHONE": 0.19906901982281644, "FLAG_CONT_MOBILE": -0.001867535085967007, "FLAG_PHONE": 0.28036718898804686, "FLAG_EMAIL": 0.056913364025327866, "CNT_FAM_MEMBERS": 0.15256646706030466, "REGION_RATING_CLIENT": 0.052537199719405174, "REGION_RATING_CLIENT_W_CITY": 0.03155762646510915, "HOUR_APPR_PROCESS_START": 0.015416455678560976, "REG_REGION_NOT_LIVE_REGION": 0.015135396293732608, "REG_REGION_NOT_WORK_REGION": 0.051264302670761, "LIVE_REGION_NOT_WORK_REGION": 0.041211203352271936, "REG_CITY_NOT_LIVE_CITY": 0.0776188463092954, "REG_CITY_NOT_WORK_CITY": 0.23023641507593248, "LIVE_CITY_NOT_WORK_CITY": 0.1799662728738206, "EXT_SOURCE_1": -0.0016124659909648783, "EXT_SOURCE_2": -0.18983036925467128, "EXT_SOURCE_3": -0.08929412255774784, "APARTMENTS_AVG": 0.014716241980516317, "BASEMENTAREA_AVG": 0.005073730471018357, "YEARS_BEGINEXPLUATATION_AVG": -4.1206957265041515, "YEARS_BUILD_AVG": -0.0008502952284943063, "COMMONAREA_AVG": 0.007079261533887398, "ELEVATORS_AVG": 0.03688312482288613, "ENTRANCES_AVG": 0.005933979382784318, "FLOORSMAX_AVG": 0.029917858188119328, "FLOORSMIN_AVG": 0.00738641112716427, "LANDAREA_AVG": 0.0073644304250268175, "LIVINGAPARTMENTS_AVG": 0.007950329606005842, "LIVINGAREA_AVG": 0.016523667058446403, "NONLIVINGAPARTMENTS_AVG": 0.002670109682844228, "NONLIVINGAREA_AVG": 0.01114656201656624, "APARTMENTS_MODE": 0.014919920374250299, "BASEMENTAREA_MODE": 0.005444816661014507, "YEARS_BEGINEXPLUATATION_MODE": -4.79046906720753, "YEARS_BUILD_MODE": -0.0016834574485382694, "COMMONAREA_MODE": 0.007084308059668217, "ELEVATORS_MODE": 0.034790204732018, "ENTRANCES_MODE": 0.003690390091843722, "FLOORSMAX_MODE": 0.027907585816024576, "FLOORSMIN_MODE": 0.006177613271577694, "LANDAREA_MODE": 0.007754139470493409, "LIVINGAPARTMENTS_MODE": 0.0089996808466159, "LIVINGAREA_MODE": 0.016427829524707678, "NONLIVINGAPARTMENTS_MODE": 0.0024472184412121325, "NONLIVINGAREA_MODE": 0.011683090445374595, "APARTMENTS_MEDI": 0.015267133240730837, "BASEMENTAREA_MEDI": 0.005070258806914537, "YEARS_BEGINEXPLUATATION_MEDI": -4.105853003619412, "YEARS_BUILD_MEDI": -0.000858242937511888, "COMMONAREA_MEDI": 0.007159906065772549, "ELEVATORS_MEDI": 0.0364810435897555, "ENTRANCES_MEDI": 0.005681719061401041, "FLOORSMAX_MEDI": 0.029716914664796045, "FLOORSMIN_MEDI": 0.007297722722141437, "LANDAREA_MEDI": 0.007541501089395463, "LIVINGAPARTMENTS_MEDI": 0.00815822667787807, "LIVINGAREA_MEDI": 0.01691615092656684, "NONLIVINGAPARTMENTS_MEDI": 0.0026234115499147526, "NONLIVINGAREA_MEDI": 0.011329161420999082, "TOTALAREA_MODE": 4.994931905317161, "OBS_30_CNT_SOCIAL_CIRCLE": 0.7095611292547978, "DEF_30_CNT_SOCIAL_CIRCLE": 0.142810686760477, "OBS_60_CNT_SOCIAL_CIRCLE": 0.7010155302731154, "DEF_60_CNT_SOCIAL_CIRCLE": 0.09908156296891622, "DAYS_LAST_PHONE_CHANGE": -0.15846583171130108, "FLAG_DOCUMENT_2": 5.110170633243054e-05, "FLAG_DOCUMENT_3": -0.2899417905108777, "FLAG_DOCUMENT_4": 8.826658366510729e-05, "FLAG_DOCUMENT_5": 0.015014610442401408, "FLAG_DOCUMENT_6": 0.0878438331854481, "FLAG_DOCUMENT_7": 0.0001672419479970454, "FLAG_DOCUMENT_8": 0.08161407062255815, "FLAG_DOCUMENT_9": 0.0037954630975996135, "FLAG_DOCUMENT_10": 1.8582438666338377e-05, "FLAG_DOCUMENT_11": 0.003758298220266937, "FLAG_DOCUMENT_12": 4.645609666584594e-06, "FLAG_DOCUMENT_13": 0.0033262565212745696, "FLAG_DOCUMENT_14": 0.0029871270156138943, "FLAG_DOCUMENT_15": 0.0011242375393134719, "FLAG_DOCUMENT_16": 0.0100716817571554, "FLAG_DOCUMENT_17": 0.0002647997509953219, "FLAG_DOCUMENT_18": 0.008046195942524518, "FLAG_DOCUMENT_19": 0.0006178660856557511, "FLAG_DOCUMENT_20": 0.00051566267299089, "FLAG_DOCUMENT_21": 0.0003251926766609216, "AMT_REQ_CREDIT_BUREAU_HOUR": 0.005426072090570806, "AMT_REQ_CREDIT_BUREAU_DAY": 0.005974254031227789, "AMT_REQ_CREDIT_BUREAU_WEEK": 0.02941600040881365, "AMT_REQ_CREDIT_BUREAU_MON": 0.22982760142527306, "AMT_REQ_CREDIT_BUREAU_QRT": 0.22791825585230677, "AMT_REQ_CREDIT_BUREAU_YEAR": 0.3887422940949656, "NAME_CONTRACT_TYPE_Revolving loans": 0.09561593815764412, "CODE_GENDER_M": 0.3420701765796234, "CODE_GENDER_XNA": 9.291219333169189e-06, "FLAG_OWN_CAR_Y": 0.33992390491366137, "FLAG_OWN_REALTY_Y": 0.6941098315037374, "NAME_TYPE_SUITE_Family": 0.13008171627403523, "NAME_TYPE_SUITE_Group of people": 0.0009198307139837497, "NAME_TYPE_SUITE_Other_A": 0.002852404335282941, "NAME_TYPE_SUITE_Other_B": 0.005797720863897573, "NAME_TYPE_SUITE_Spouse, partner": 0.03660275856302002, "NAME_TYPE_SUITE_Unaccompanied": 0.8087495412460455, "NAME_INCOME_TYPE_Commercial associate": 0.2327729179538877, "NAME_INCOME_TYPE_Maternity leave": 1.3936828999753782e-05, "NAME_INCOME_TYPE_Pensioner": 0.18000808336081986, "NAME_INCOME_TYPE_State servant": 0.07145876789140423, "NAME_INCOME_TYPE_Student": 4.181048699926135e-05, "NAME_INCOME_TYPE_Unemployed": 7.432975466535351e-05, "NAME_INCOME_TYPE_Working": 0.5155883432362246, "NAME_EDUCATION_TYPE_Higher education": 0.2427516875177114, "NAME_EDUCATION_TYPE_Incomplete higher": 0.03368531569240489, "NAME_EDUCATION_TYPE_Lower secondary": 0.012334093664782098, "NAME_EDUCATION_TYPE_Secondary / secondary special": 0.7107457597197768, "NAME_FAMILY_STATUS_Married": 0.6385715679397186, "NAME_FAMILY_STATUS_Separated": 0.06436027632086297, "NAME_FAMILY_STATUS_Single / not married": 0.14794408544205298, "NAME_FAMILY_STATUS_Unknown": 4.645609666584594e-06, "NAME_FAMILY_STATUS_Widow": 0.052286336797409606, "NAME_HOUSING_TYPE_House / apartment": 0.8880500982546444, "NAME_HOUSING_TYPE_Municipal apartment": 0.03624969222835959, "NAME_HOUSING_TYPE_Office apartment": 0.008441072764184208, "NAME_HOUSING_TYPE_Rented apartment": 0.015595311650724484, "NAME_HOUSING_TYPE_With parents": 0.047989147855818856, "OCCUPATION_TYPE_Cleaning staff": 0.015376967996395006, "OCCUPATION_TYPE_Cooking staff": 0.019409357186990436, "OCCUPATION_TYPE_Core staff": 0.08986931900007898, "OCCUPATION_TYPE_Drivers": 0.06080173931625917, "OCCUPATION_TYPE_HR staff": 0.0017328124056360536, "OCCUPATION_TYPE_High skill tech staff": 0.037058028310345305, "OCCUPATION_TYPE_IT staff": 0.0016770650896370386, "OCCUPATION_TYPE_Laborers": 0.17927872264316608, "OCCUPATION_TYPE_Low-skill Laborers": 0.006875502306545199, "OCCUPATION_TYPE_Managers": 0.06961446085377014, "OCCUPATION_TYPE_Medicine staff": 0.028105938482836795, "OCCUPATION_TYPE_Private service staff": 0.008599023492848084, "OCCUPATION_TYPE_Realty agents": 0.0024342994652903275, "OCCUPATION_TYPE_Sales staff": 0.10352741141983768, "OCCUPATION_TYPE_Secretaries": 0.004250732844924904, "OCCUPATION_TYPE_Security staff": 0.021825074213614425, "OCCUPATION_TYPE_Waiters/barmen staff": 0.0042925433319241655, "WEEKDAY_APPR_PROCESS_START_MONDAY": 0.16523969023074744, "WEEKDAY_APPR_PROCESS_START_SATURDAY": 0.10995693519839075, "WEEKDAY_APPR_PROCESS_START_SUNDAY": 0.05259759264507077, "WEEKDAY_APPR_PROCESS_START_THURSDAY": 0.16409222464310103, "WEEKDAY_APPR_PROCESS_START_TUESDAY": 0.17572483124822885, "WEEKDAY_APPR_PROCESS_START_WEDNESDAY": 0.16830579261069326, "ORGANIZATION_TYPE_Agriculture": 0.008036904723191348, "ORGANIZATION_TYPE_Bank": 0.008060132771524271, "ORGANIZATION_TYPE_Business Entity Type 1": 0.01957659913498748, "ORGANIZATION_TYPE_Business Entity Type 2": 0.034256725681394797, "ORGANIZATION_TYPE_Business Entity Type 3": 0.22104739915542818,